Workbook

Sheet SectionA
A1: RCO Compliance Data reporting by Distribution Licensee (Form A)
A2: Name of Obligated Designated Consumer
A3: Registration No. of Obligated Designated Consumer
A4: Target Year FY (__-__)
A5: Compliance Period (Quarterly / Annual)
A6: Location - State
A7: State Category
A8: Part A – Gross Total Electricity Consumption (Fossil based + Non-fossil based)
A9: Particulars | B9: Nomenclature | C9: Unit | D9: Total Electrical Energy
A10: Purchase and Banking of Fossil based Power (Sub-Total) *** | B10: CT=C+E+D | C10: MU | D10: =D11+D12 -> 0
A11: Fossil based Power (Purchase through PPA/Bilateral and through Power Exchange) | B11: C | C11: MU
A12: Banking (Receipt) of Electricity (8) | B12: D | C12: MU
A13: Purchase of Nuclear Power (Not included in RCO Calculations) | B13: E | C13: MU
A14: Electricity Sales (Sub-Total) *** | B14: FT=F+H+I' | C14: MU | D14: =D15+D16 -> 0
A15: Fossil based energy - Sales to entities other than DISCOM consumers (Sales through PPA/Bilateral and through Power Exchange) | B15: F | C15: MU
A16: Banking (Supply) of Electricity (8) | B16: I' | C16: MU
A17: Total Electricity Consumption on which Renewable Consumption Obligations is applicable | B17: K=CT-FT+T+Y' | C17: MU | D17: =D10-D14+SectionB!H17 -> 0
A18: Distribution Losses as % share of Gross Total Electricity Consumption within Discom Periphery $$ | B18: DL | C18: %
A19: Gross Total Energy Consumption | B19: Etotal = A**+EDISCOM+K | C19: MU | D19: =D17+D13 -> 0

Sheet SectionB
A1: Part B – Gross Non-fossil based Electricity Consumption
A2: Particulars | B2: Nomenclature | C2: Unit | D2: Wind RE (1) | E2: Hydro RE (2) | F2: Distributed RE (3) (4) | G2: Other RE (5) | H2: Total
A3: Own Generation, Purchase *** and Banking of RE ⴕ ⴕ (Sub-Total) | B3: T=U+V+W+Z+B' | C3: MU | D3: =D4+D5+D6+D9+D10 -> 0 | E3: =E4+E5+E6+E9+E10 -> 0 | F3: =F4+F5+F6+F9+F10 -> 0 | G3: =G4+G5+G6+G9+G10 -> 0 | H3: =H4+H5+H6+H9+H10 -> 0
A4: Wind Renewable Energy (Electricity Generation and Purchase) | B4: U | C4: MU | H4: =D4+G4 -> 0
A5: Hydro Renewable Energy (Electricity Generation and Purchase) | B5: V | C5: MU | H5: =E5+G5 -> 0
A6: Distributed Renewable Energy (DRE) | B6: W=X+Y | C6: MU | F6: =SUM(F7:F8) -> 0 | H6: =F6 -> 0
A7: (Electricity Generation and Purchase) DRE metered (6) (7) | B7: X | C7: MU
A8: (Electricity Generation) RE unmetered ## | B8: Y | C8: MU
A9: Other renewable energy (Electricity Generation and Purchase) | B9: Z | C9: MU | H9: =G9 -> 0
A10: Banking (Receipt) of Electricity (8) | B10: B' | C10: MU | H10: =G10 -> 0
A11: RE Sales *** (to entities other than DISCOM consumers) and Bankingⴕ ⴕ ⴕ (Sub-Total) | B11: I'=J'+K'+L'+O'+P' | C11: MU | D11: =SUM(D12:D16) -> 0 | E11: =SUM(E12:E16) -> 0 | F11: =SUM(F12:F16) -> 0 | G11: =SUM(G12:G16) -> 0 | H11: =SUM(H12:H16) -> 0
A12: Wind Renewable Energy (Electricity Sales) | B12: J' | C12: MU | H12: =D12+G12 -> 0
A13: Hydro Renewable Energy (Electricity Sales) | B13: K' | C13: MU | H13: =E13+G13 -> 0
A14: Distributed Renewable Energy (DRE) (Electricity Sales) DRE metered | B14: L' | C14: MU | H14: =F14 -> 0
A15: Other Renewable Energy (Electricity Sales) | B15: O' | C15: MU | H15: =G15 -> 0
A16: Banking (Supply) of Electricity (8) | B16: P' | C16: MU | H16: =G16 -> 0
A17: Non-fossil Electrical Energy Consumption for calculation of Renewable Consumption Obligations | B17: Y'=T-I' | C17: MU | D17: =D3-D11 -> 0 | E17: =E3-E11 -> 0 | F17: =F3-F11 -> 0 | G17: =G3-G11 -> 0 | H17: =H3-H11 -> 0
A18: Renewable Energy Certificates (RECs) !! | B18: T'=(U'+V')/1000 | C18: MU | H18: =(H19+H20)/1000 -> 0
A19: Number of RECs Purchased | B19: U' | C19: No. of Certs.
A20: Number of RECs Self-Retained | B20: V' | C20: No. of Certs.

Sheet SectionC
A1: Part C – RCO Compliance during Target Year
A2: Particular | B2: Nomenclature | C2: Unit | D2: Wind RE (1) | E2: Hydro RE (2) | F2: Distributed RE (3) (4) | G2: Other RE (5) | H2: Total
A3: RCO (%) specified by MoP ### | B3: Z' | C3: %
A4: MoP Renewable Consumption Obligation Target | B4: A''=K*Z' | C4: MU | D4: =SectionA!$D$17*D3 -> 0 | E4: =SectionA!$D$17*E3 -> 0 | F4: =SectionA!$D$17*F3 -> 0 | G4: =SectionA!$D$17*G3 -> 0 | H4: =SectionA!$D$17*H3 -> 0
A5: Compliance without REC | B5: Y' | C5: MU | D5: =SectionB!D17 -> 0 | E5: =SectionB!E17 -> 0 | F5: =SectionB!F17 -> 0 | G5: =SectionB!G17 -> 0 | H5: =SectionB!H17 -> 0
A6: Compliance (%) without REC | B6: B''=Y'/K | C6: % | D6: =IF($E$18=0,0,D5/$E$18) -> 0 | E6: =IF($E$18=0,0,E5/$E$18) -> 0 | F6: =IF($E$18=0,0,F5/$E$18) -> 0 | G6: =IF($E$18=0,0,G5/$E$18) -> 0 | H6: =IF($E$18=0,0,H5/$E$18) -> 0
A7: Surplus / Deficit # without REC | B7: C''=Y'-A'' | C7: MU | D7: =D5-D4 -> 0 | E7: =E5-E4 -> 0 | F7: =F5-F4 -> 0 | G7: =G5-G4 -> 0 | H7: =H5-H4 -> 0
A8: Surplus / Deficit # without REC (%) | B8: D''=B''-Z' | C8: % | D8: =D6-D3 -> 0 | E8: =E6-E3 -> 0 | F8: =F6-F3 -> 0 | G8: =G6-G3 -> 0 | H8: =H6-H3 -> 0
A9: Surplus / Deficit # | B9: E'' | C9: MU | F9: =IF(F7>=0,F7,IF((#REF!+F7)>0,0,#REF!+F7)) -> 0 | H9: =#REF!+H7 -> #REF!
A10: Compliance | C10: MU | F10: =F4+F9 -> 0 | H10: =H4+H9 -> #REF!
A11: Compliance (%) | B11: F''=(A''+E'')/K | C11: % | F11: =IF($E$18=0,0,F10/$E$18) -> 0 | H11: =IF($E$18=0,0,H10/$E$18) -> 0
A12: Surplus / Deficit # | B12: G''=F''-Z' | C12: % | F12: =F11-F3 -> 0 | H12: =H11-H3 -> 0
